{
    "mAP_train": 0.5077093819390993,
    "mAP_test_baseline": 0.3481274540763831,
    "mAP_test_optimized": 0.49695279345931526,
    "improvement_pct": 42.75023267772656,
    "ground_truth_model": "clip",
    "weights": {
        "brightness": 0.006868189766292554,
        "contrast": 0.03574555952219329,
        "saturation": 0.011708118291504139,
        "edge_density": 0.05789567419067565,
        "sharpness": 0.01637948593577956,
        "hsv_histogram": 0.001974705858124577,
        "rgb_histogram": 0.005991111968793606,
        "hsv_cdf": 0.06120194842606298,
        "rgb_cdf": 0.051685328076746834,
        "joint_rgb_histogram": 0.0072516111414763435,
        "hog": 0.04855771378107814,
        "hu_moments": 0.03499226238075912,
        "lbp": 0.04162708878541617,
        "color_moments": 0.05452096550798735,
        "gabor": 0.007339417537404267,
        "ccv": 0.011312234784132536,
        "zernike": 0.04375270365208452,
        "geo": 0.0634330619667363,
        "semantic": 0.06553862435667292,
        "dinov2": 0.06016343976181409,
        "siglip": 0.0692191458007728,
        "convnext": 0.06114529425756487,
        "efficientnet": 0.050764330011864554,
        "dreamsim": 0.013493930419670373,
        "sam": 0.032806490910004524,
        "tamura": 0.003805861927840396,
        "edge_orientation": 0.026316634519921413,
        "cell_rgb_histogram": 0.007271958378152827,
        "cell_rgb_cdf": 0.03988931967899235,
        "dominant_color": 0.007150945575685051,
        "cell_color": 0.0001968358839476314,
        "clip": 0.0
    },
    "num_images": 895,
    "train_size": 626,
    "test_size": 269,
    "timestamp": 1777570945.7883291,
    "pr_curve": {
        "recall": [
            0.0,
            0.1,
            0.2,
            0.30000000000000004,
            0.4,
            0.5,
            0.6000000000000001,
            0.7000000000000001,
            0.8,
            0.9,
            1.0
        ],
        "baseline_precision": [
            1.0,
            0.7619580753227598,
            0.598667435598549,
            0.5451544388280996,
            0.4590678138284045,
            0.40912444077978416,
            0.3781530404333604,
            0.3175657575733555,
            0.2890247988122557,
            0.2562157590215248,
            0.13658100558659222
        ],
        "optimized_precision": [
            1.0,
            0.8835739095665589,
            0.78511308033156,
            0.7100689460496089,
            0.6131512572924848,
            0.5722921740463994,
            0.5328976129239915,
            0.44701559379045674,
            0.39454187788320155,
            0.3153872610375219,
            0.13658100558659222
        ]
    }
}