{
    "brightness": 0.006868189766292554,
    "contrast": 0.03574555952219329,
    "saturation": 0.011708118291504139,
    "edge_density": 0.05789567419067565,
    "sharpness": 0.01637948593577956,
    "hsv_histogram": 0.001974705858124577,
    "rgb_histogram": 0.005991111968793606,
    "hsv_cdf": 0.06120194842606298,
    "rgb_cdf": 0.051685328076746834,
    "joint_rgb_histogram": 0.0072516111414763435,
    "hog": 0.04855771378107814,
    "hu_moments": 0.03499226238075912,
    "lbp": 0.04162708878541617,
    "color_moments": 0.05452096550798735,
    "gabor": 0.007339417537404267,
    "ccv": 0.011312234784132536,
    "zernike": 0.04375270365208452,
    "geo": 0.0634330619667363,
    "semantic": 0.06553862435667292,
    "dinov2": 0.06016343976181409,
    "siglip": 0.0692191458007728,
    "convnext": 0.06114529425756487,
    "efficientnet": 0.050764330011864554,
    "dreamsim": 0.013493930419670373,
    "sam": 0.032806490910004524,
    "tamura": 0.003805861927840396,
    "edge_orientation": 0.026316634519921413,
    "cell_rgb_histogram": 0.007271958378152827,
    "cell_rgb_cdf": 0.03988931967899235,
    "dominant_color": 0.007150945575685051,
    "cell_color": 0.0001968358839476314,
    "clip": 0.0
}